,address,apn,x,y,geometry,project_time_years
2107,564 FELL ST,0819011,-122.427127741,37.7755972585,POINT (-122.427127741 37.7755972585),2.5123287671232877
2224,526 HICKORY ST,0829023,-122.428681361,37.7749379125,POINT (-122.428681361 37.7749379125),4.284931506849315
3058,840 FELL ST,0822014,-122.431732,37.774933,POINT (-122.431732 37.774933),2.252054794520548
393,834 44TH AV,1686033,-122.504299628,37.772800012800005,POINT (-122.504299628 37.7728000128),10.295890410958904
907,701 43RD AV,1601001,-122.503878,37.775204,POINT (-122.503878 37.775204),5.76986301369863
1130,740 39TH AV,1606037,-122.49921299999998,37.774827,POINT (-122.499213 37.774827),5.4301369863013695
1328,875 43RD AV,1686016,-122.503838,37.77218,POINT (-122.503838 37.77218),1.158904109589041
2427,6524 FULTON ST,1684002I,-122.501833776,37.7720173722,POINT (-122.501833776 37.7720173722),8.038356164383561
3180,742 42ND AV,1603037,-122.502429,37.774629,POINT (-122.502429 37.774629),1.6547945205479453
836,324 CORTLAND AV,5677022,-122.418379,37.739105,POINT (-122.418379 37.739105),3.956164383561644
1602,361 ELSIE ST,5676023,-122.420111,37.738552,POINT (-122.420111 37.738552),8.153424657534247
2927,139 LEESE ST,5745030,-122.42281,37.735701,POINT (-122.42281 37.735701),2.904109589041096
6,185 CHANNEL ST,8711023,-122.3899246,37.7745464,POINT (-122.3899246 37.7745464),2.6986301369863015
85,1 HENRY ADAMS ST,3911001,-122.403472987,37.7692014322,POINT (-122.403472987 37.7692014322),11.706849315068494
513,435 CHINA BASIN ST,8720001,-122.386896,37.772595,POINT (-122.386896 37.772595),6.515068493150685
552,1155 04TH ST,8713001,-122.3914595,37.7735604,POINT (-122.3914595 37.7735604),2.4136986301369863
678,360 BERRY ST,8704004,-122.39726333200001,37.7730344793,POINT (-122.397263332 37.7730344793),2.767123287671233
716,750 02ND ST,3794002A,-122.390208,37.78018,POINT (-122.390208 37.78018),4.402739726027397
1681,MISSION BAY BLOCK 7,8711031,-122.39085776200001,37.7714570172,POINT (-122.390857762 37.7714570172),2.747945205479452
1760,1300 04TH ST,8711021,-122.39177164899999,37.7714019604,POINT (-122.391771649 37.77140196040001),1.4356164383561645
8,170-180 YUKON STREET,2716056,-122.442446,37.757282,POINT (-122.442446 37.757282),5.857534246575343
481,485 CORBETT AV,2712003,-122.445199,37.757837,POINT (-122.445199 37.757837),2.5616438356164384
604,4546 19TH ST,2700012,-122.440054554,37.759227932399995,POINT (-122.440054554 37.75922793239999),4.271232876712329
1866,72 CASELLI AV,2691019,-122.440977551,37.7599367457,POINT (-122.440977551 37.7599367457),1.9671232876712328
2065,1399 CLAYTON ST,2719047,-122.446068,37.758672,POINT (-122.446068 37.758672),9.413698630136986
2546,4558 19TH ST,2700014,-122.441116,37.759117,POINT (-122.441116 37.759117),3.484931506849315
2874,300 CORBETT AV,2654017,-122.4445146,37.76049860000001,POINT (-122.4445146 37.76049860000001),10.56986301369863
3255,134 ORD ST,2657004,-122.4401327,37.7615761,POINT (-122.4401327 37.7615761),3.717808219178082
9,1359 45TH AV,1800010A,-122.505099,37.76125800000001,POINT (-122.505099 37.76125800000001),8.96986301369863
2149,4227 LINCOLN WY,1707047,-122.503298,37.764167,POINT (-122.503298 37.764167),9.789041095890411
2590,1433 48TH AV,1805006,-122.508349418,37.759658327800004,POINT (-122.508349418 37.7596583278),3.0356164383561643
308,750 JAMESTOWN AV,4976019,-122.38916838899999,37.7156197596,POINT (-122.389168389 37.7156197596),9.323287671232876
970,2189 BAYSHORE BL,5066B007,-122.40168,37.712178,POINT (-122.40168 37.712178),3.4684931506849317
2748,833-881 JAMESTOWN,4991277,-122.392222474,37.7171741763,POINT (-122.392222474 37.7171741763),24.12876712328767
365,924 BALBOA ST,1553019,-122.468628,37.777142,POINT (-122.468628 37.777142),1.7342465753424658
602,646 BALBOA ST,1550029,-122.465889,37.777396,POINT (-122.465889 37.777396),3.043835616438356
2812,1822 22ND AV,2058009J,-122.47932532200001,37.7536270289,POINT (-122.479325322 37.7536270289),2.0054794520547947
13,233 LAIDLEY ST,6684022,-122.427785,37.738309,POINT (-122.427785 37.738309),2.1424657534246574
1022,533 LAIDLEY ST,6727038,-122.431232,37.735539,POINT (-122.431232 37.73553900000001),2.254794520547945
1275,26 CHENERY ST,6656005,-122.426048,37.741454,POINT (-122.426048 37.741454),1.3972602739726028
1583,22 FAIRMOUNT ST,6662007,-122.42517764700001,37.7392348354,POINT (-122.425177647 37.7392348354),1.810958904109589
1662,406 CHENERY ST,6717008,-122.42927238200001,37.7363236137,POINT (-122.429272382 37.7363236137),1.082191780821918
597,42 BEAUMONT AV,1086022,-122.454984,37.780851,POINT (-122.454984 37.780851),8.172602739726027
672,253 PARKER AV,1086006,-122.454155,37.78083,POINT (-122.454155 37.78083),5.191780821917808
263,1946 POLK ST,0596024,-122.421312,37.794586,POINT (-122.421312 37.794586),5.383561643835616
529,5 CYRUS PL,0155052,-122.417191,37.796369,POINT (-122.417191 37.796369),2.389041095890411
819,1645-1661 PACIFIC AV,0595013,-122.422317,37.794805,POINT (-122.422317 37.794805),6.69041095890411
1430,1492 JACKSON ST,0185020,-122.419529,37.794516,POINT (-122.419529 37.794516),3.4027397260273973
1978,1355 PACIFIC AV,0184031,-122.417683,37.795405,POINT (-122.417683 37.795405),3.6054794520547944
2700,1601 LARKIN ST,0620006,-122.419763492,37.7927787308,POINT (-122.419763492 37.7927787308),12.361643835616439
1611,1368 UTAH ST,4264007,-122.4052431,37.7521714,POINT (-122.4052431 37.7521714),2.1452054794520548
2060,1330 HAMPSHIRE ST,4275003,-122.40737384100001,37.7508570874,POINT (-122.407373841 37.7508570874),2.0027397260273974
2938,1280 HAMPSHIRE ST,4266013,-122.407349,37.751717,POINT (-122.407349 37.751717),4.956164383561644
3335,1196 HAMPSHIRE ST,4210013,-122.40760652600001,37.7532979603,POINT (-122.407606526 37.7532979603),9.221917808219178
1235,3595 KEITH ST,5476014,-122.398340088,37.7182552944,POINT (-122.398340088 37.7182552944),10.536986301369863
1639,6600 THIRD STREET,5476009,-122.397787,37.718831,POINT (-122.397787 37.718831),5.024657534246575
2415,5600 03RD ST,5421003,-122.39378899999998,37.726979,POINT (-122.393789 37.726979),4.183561643835616
280,2130 24TH ST,4217036,-122.400911,37.753477,POINT (-122.400911 37.753477),10.827397260273973
441,2207 25TH ST,4282A023,-122.40079901,37.7518232185,POINT (-122.40079901 37.75182321850001),6.758904109589041
895,1030-38 MISSISSIPPI ST,4224017,-122.393857,37.75298,POINT (-122.393857 37.75298),4.16986301369863
1260,1028 WISCONSIN ST,4219003,-122.398857,37.754486,POINT (-122.398857 37.754486),8.317808219178081
2399,1022 RHODE ISLAND ST,4158002,-122.402115,37.756774,POINT (-122.402115 37.756774),0.684931506849315
2941,585 TEXAS ST,4102052,-122.395066,37.759002,POINT (-122.395066 37.759002),6.8054794520547945
679,4209 24TH ST,6505047,-122.43666,37.751002,POINT (-122.43666 37.751002),2.893150684931507
1517,461 HOFFMAN AV,6503020,-122.440202,37.7499449,POINT (-122.440202 37.74994490000001),3.813698630136986
2275,4159 24TH ST,6506034,-122.4353932,37.7511381,POINT (-122.4353932 37.7511381),3.164383561643836
2496,4400 25TH ST,6504017,-122.43860888,37.749542163499996,POINT (-122.43860888 37.7495421635),1.8164383561643835
2559,4372 25TH ST,6540021,-122.43773949,37.7497087422,POINT (-122.43773949 37.7497087422),3.8054794520547945
245,23 WOOD ST,1069005,-122.448884,37.783923,POINT (-122.448884 37.783923),7.191780821917808
247,2608 POST ST,1073008,-122.444894,37.783775,POINT (-122.444894 37.783775),6.090410958904109
323,74 BLAKE ST,1068004,-122.450923525,37.7825672044,POINT (-122.450923525 37.7825672044),2.6684931506849314
763,75 LUPINE AV,1057005,-122.447869,37.784305,POINT (-122.447869 37.784305),6.2
1652,66 COOK ST,1067028,-122.451979,37.7826086869,POINT (-122.451979 37.7826086869),1.3726027397260274
2341,800 PRESIDIO AV,1073013,-122.44574326200001,37.7840451613,POINT (-122.445743262 37.7840451613),10.706849315068494
2736,466 VERNON ST,6994039,-122.46778985200001,37.7208822976,POINT (-122.467789852 37.7208822976),2.210958904109589
3499,466 VICTORIA ST,7008038,-122.46507947399999,37.7191200603,POINT (-122.465079474 37.71912006030001),1.8356164383561644
1530,1458 43RD AV,1811031,-122.502307309,37.7594784658,POINT (-122.502307309 37.7594784658),1.1013698630136985
2239,3626 JUDAH ST,1796017C,-122.500919,37.760775,POINT (-122.500919 37.760775),2.4547945205479453
2445,1659 42ND AV,1901012,-122.501628559,37.7557675517,POINT (-122.501628559 37.7557675517),1.4027397260273973
2657,1366 41ST AV,1795020,-122.500443,37.761344,POINT (-122.500443 37.761344),1.8602739726027397
3117,1235 40TH AV,1710006,-122.500037942,37.763726423899996,POINT (-122.500037942 37.7637264239),6.501369863013698
3364,1333 42ND AV,1797006,-122.50205153200001,37.761771654499995,POINT (-122.502051532 37.7617716545),1.4027397260273973
193,1055 ASHBURY ST,1269167,-122.446738064,37.763692211999995,POINT (-122.446738064 37.763692212),3.671232876712329
1184,179 DELMAR ST,1270053,-122.4452469,37.7658005,POINT (-122.4452469 37.7658005),4.578082191780822
2501,31 PARNASSUS AV,1279083,-122.4482922,37.7650426,POINT (-122.4482922 37.7650426),1.9506849315068493
29,1555 FRANCISCO ST,0482030,-122.430598027,37.802203988,POINT (-122.430598027 37.802203988),1.5397260273972602
80,136 PIXLEY ST,0516028A,-122.434803198,37.7988259187,POINT (-122.434803198 37.7988259187),6.32054794520548
2073,1650 CHESTNUT ST,0482014,-122.430609,37.80182,POINT (-122.430609 37.80182),2.6575342465753424
2603,37 MAGNOLIA ST,0494009,-122.431835,37.800754,POINT (-122.431835 37.800754),3.073972602739726
3181,1750 FILBERT ST,0520010,-122.428308,37.799101,POINT (-122.428308 37.799101),3.0602739726027397
3416,1857 LOMBARD ST,0507027,-122.431998,37.800225,POINT (-122.431998 37.800225),3.956164383561644
103,2670 21ST AV,2476034,-122.477154849,37.7379352278,POINT (-122.477154849 37.7379352278),0.7534246575342466
2462,2451 19TH AV,2406037,-122.47595970299999,37.7420552662,POINT (-122.475959703 37.7420552662),2.4547945205479453
2702,2239 TARAVAL ST,2393042,-122.49031200000002,37.742159,POINT (-122.490312 37.742159),4.23013698630137
2725,2405 32ND AV,2393002,-122.489919695,37.7420029532,POINT (-122.489919695 37.7420029532),2.043835616438356
3119,2908 ULLOA ST,2395017,-122.487545,37.740769,POINT (-122.487545 37.740769),5.147945205479452
31,1973 FILBERT ST,0531022,-122.431767,37.798232,POINT (-122.431767 37.79823200000001),2.0356164383561643
45,2151 GREEN ST,0557019,-122.434603,37.79596,POINT (-122.434603 37.79596),6.635616438356164
999,2948 FILLMORE ST,0540017,-122.43522,37.796645,POINT (-122.43522 37.796645),2.5424657534246577
2773,2559 VAN NESS AV,0527002,-122.424482,37.79921,POINT (-122.424482 37.79921),5.720547945205479
489,50 JERROLD AV,4591C099,-122.369239612,37.7276515675,POINT (-122.369239612 37.7276515675),6.03013698630137
1016,100 AVOCET WY,4591C057,-122.36868226600001,37.7287848376,POINT (-122.368682266 37.7287848376),3.841095890410959
1059,HUNTERS POINT SHIPYARD PHASE I,4591C001,-122.37083909200001,37.729834940100005,POINT (-122.370839092 37.72983494010001),3.8575342465753426
1248,101 DONAHUE ST,4591C042,-122.36963923100001,37.729001486,POINT (-122.369639231 37.729001486),5.945205479452055
1310,201 FRIEDELL ST,4591C094,-122.369772516,37.7281384033,POINT (-122.369772516 37.7281384033),6.03013698630137
1541,52 INNES CT,4591C082,-122.36746942299999,37.7276887999,POINT (-122.367469423 37.7276887999),1.073972602739726
1648,200 COLEMAN ST,4591C098,-122.36890925200001,37.7276478876,POINT (-122.368909252 37.7276478876),6.03013698630137
1724,421 HUDSON AV,4591C068,-122.368425864,37.728496005,POINT (-122.368425864 37.728496005),3.589041095890411
1744,470 INNES AV,4591C046,-122.369113396,37.7285186001,POINT (-122.369113396 37.7285186001),3.841095890410959
1777,420 INNES AV,4591C070,-122.368645162,37.7282525416,POINT (-122.368645162 37.7282525416),3.841095890410959
1794,401 INNES AV,4591C095,-122.369442149,37.728134725,POINT (-122.369442149 37.728134725),6.03013698630137
2000,451 HUDSON AV,4591C045,-122.368894098,37.7287620644,POINT (-122.368894098 37.7287620644),3.589041095890411
2332,HP SHIPYARD PHASE 1 (UNDER CONSTRUCTION),4591C001,-122.37083909100001,37.7298349392,POINT (-122.370839091 37.7298349392),3.6082191780821917
2515,201 DONAHUE ST,4591C093,-122.3701996,37.7283811843,POINT (-122.3701996 37.7283811843),6.449315068493151
3061,101 AVOCET WY,4591C059,-122.368467132,37.7286625934,POINT (-122.368467132 37.7286625934),3.841095890410959
3209,198 COLEMAN ST,4591C069,-122.368349951,37.728268833099996,POINT (-122.368349951 37.7282688331),6.03013698630137
917,379 LISBON ST,6080027,-122.43310048200001,37.7222153107,POINT (-122.433100482 37.7222153107),1.36986301369863
2491,184 LONDON ST,6013009,-122.432851806,37.7263279883,POINT (-122.432851806 37.7263279883),1.0438356164383562
3219,331 LISBON ST,6080039,-122.432699,37.722953,POINT (-122.432699 37.722953),4.167123287671233
432,150 OTIS ST,3513008,-122.42018,37.770913,POINT (-122.42018 37.770913),2.3863013698630136
743,85 BRADY ST,3505022,-122.419818,37.772601,POINT (-122.419818 37.772601),6.624657534246575
754,1501 15TH ST,3553054,-122.417978,37.766542,POINT (-122.417978 37.766542),6.323287671232877
1162,1875 MISSION ST,3548032,-122.419446,37.7671009,POINT (-122.419446 37.76710090000001),10.205479452054794
1522,19 CAPP ST,3553047A,-122.418391,37.76641,POINT (-122.418391 37.76641),0.9397260273972603
1612,411 VALENCIA ST,3554027,-122.421838,37.76633,POINT (-122.421838 37.76633),6.972602739726027
2861,1880 MISSION ST,3547002A,-122.420347,37.767144,POINT (-122.420347 37.767144),9.983561643835616
2901,299 VALENCIA ST,3532014,-122.42211,37.768232,POINT (-122.42211 37.768232),5.397260273972603
665,351 LOUISBURG ST,7036011,-122.450995,37.718799,POINT (-122.450995 37.718799),4.241095890410959
2814,652 LAKEVIEW AV,7016023,-122.45774066799999,37.7184362783,POINT (-122.457740668 37.7184362783),12.112328767123287
3232,357 LOUISBURG ST,7036010,-122.451025,37.718754,POINT (-122.451025 37.718754),4.241095890410959
269,248 - 252 09TH ST,3518006,-122.412583504,37.7741768194,POINT (-122.412583504 37.7741768194),13.304109589041095
438,1140 FOLSOM ST,3730015,-122.408952216,37.7762383802,POINT (-122.408952216 37.77623838020001),3.6904109589041094
962,226 06TH ST,3731003,-122.40682648,37.7791590987,POINT (-122.40682648 37.7791590987),8.550684931506849
1014,1049 HOWARD STREET,3731074,-122.408252,37.778856,POINT (-122.408252 37.778856),4.879452054794521
1220,209 09TH ST,3729081,-122.412852,37.77494,POINT (-122.412852 37.77494),6.471232876712329
1825,252 09TH ST,3518007,-122.412427,37.774212,POINT (-122.412427 37.774212),11.054794520547945
1827,5 HALLAM ST,3755096,-122.40839164100001,37.7758086196,POINT (-122.408391641 37.7758086196),3.164383561643836
1974,468 CLEMENTINA ST,3732071,-122.405696312,37.7798867625,POINT (-122.405696312 37.7798867625),10.956164383561644
2252,259 CLARA ST,3753042,-122.403505936,37.7783470751,POINT (-122.403505936 37.7783470751),3.3808219178082193
2256,56 RINGOLD ST,3756025,-122.4105294,37.7739598,POINT (-122.4105294 37.7739598),7.342465753424658
2307,350 08TH ST,3756003,-122.40965844,37.7736941657,POINT (-122.40965844 37.7736941657),9.326027397260274
2668,229 07TH ST,3731126,-122.408765,37.777674,POINT (-122.408765 37.777674),5.024657534246575
2772,716 CLEMENTINA ST,3729042,-122.41112799,37.7752336228,POINT (-122.41112799 37.7752336228),2.345205479452055
2877,960 HARRISON ST,3753021,-122.403403,37.7781189,POINT (-122.403403 37.7781189),2.3315068493150686
3022,260 05TH ST,3732008,-122.40402,37.780719,POINT (-122.40402 37.780719),6.189041095890411
3118,900 FOLSOM ST,3732009,-122.403606,37.780261,POINT (-122.403606 37.780261),7.243835616438356
3252,149 DORE STREET,3519059,-122.411794,37.773176,POINT (-122.411794 37.773176),8.098630136986301
3390,1123 FOLSOM ST,3755101,-122.408244,37.776089,POINT (-122.408244 37.776089),1.9863013698630136
3514,234 09TH ST,3518004,-122.4126543,37.7744587,POINT (-122.4126543 37.7744587),2.547945205479452
39,497 VALLEY ST,6621030,-122.433053,37.7439918016,POINT (-122.433053 37.7439918016),9.23013698630137
177,577 29TH ST,6630031,-122.43265852100001,37.743090941,POINT (-122.432658521 37.743090941),8.136986301369863
226,538 28TH ST,6604011,-122.434297376,37.7450901724,POINT (-122.434297376 37.7450901724),3.2849315068493152
826,4103 CESAR CHAVEZ ST,6581060,-122.43172729,37.7472771233,POINT (-122.43172729 37.74727712330001),6.046575342465753
993,1710 DIAMOND ST,7535102,-122.435778,37.743704,POINT (-122.435778 37.743704),7.876712328767123
2914,519 29TH ST,6630043,-122.431645,37.743261,POINT (-122.431645 37.743261),3.095890410958904
3162,2127 CASTRO ST,6612026,-122.433100364,37.744447102399995,POINT (-122.433100364 37.7444471024),3.0712328767123287
3391,750 27TH STREET,6583010,-122.4369065,37.7463919,POINT (-122.4369065 37.7463919),1.704109589041096
371,1717 17TH ST,3980007,-122.4007389,37.7647485,POINT (-122.4007389 37.7647485),8.27945205479452
449,2005 19TH ST,4073039,-122.402702,37.76079,POINT (-122.402702 37.76079),2.684931506849315
666,585 KANSAS ST,4009008A,-122.403125,37.76246,POINT (-122.403125 37.76246),7.164383561643835
1446,690 ARKANSAS ST,4098037,-122.398178,37.757648,POINT (-122.398178 37.757648),3.0493150684931507
1571,775 VERMONT ST,4074011A,-122.403868,37.759965,POINT (-122.403868 37.759965),1.5616438356164384
2127,896 DE HARO ST,4095018,-122.40125873299999,37.758353470500005,POINT (-122.401258733 37.7583534705),4.93972602739726
2847,946 RHODE ISLAND ST,4094024,-122.402224872,37.7579163686,POINT (-122.402224872 37.7579163686),3.164383561643836
3018,791 SAN BRUNO AV,4075017,-122.404856,37.759738,POINT (-122.404856 37.759738),5.747945205479452
3019,838 KANSAS ST,4093007,-122.40316,37.758981,POINT (-122.40316 37.75898100000001),7.008219178082192
3437,542 KANSAS ST,4010001O,-122.403501,37.762875,POINT (-122.403501 37.762875),5.419178082191781
746,3041 BAKER ST,0933004,-122.446406,37.799157,POINT (-122.446406 37.799157),0.8328767123287671
856,3215 SCOTT ST,0936020,-122.44123814299999,37.7994601352,POINT (-122.441238143 37.7994601352),1.9397260273972603
1320,2760 BAKER ST,0947024,-122.445353,37.796393,POINT (-122.445353 37.796393),1.0904109589041096
1374,3157 STEINER ST,0514002,-122.437628,37.798465,POINT (-122.437628 37.798465),2.8547945205479452
1800,2157 LOMBARD ST,0510029,-122.436911,37.7994709,POINT (-122.436911 37.7994709),6.6219178082191785
1928,2626 FILBERT ST,0943003B,-122.442606,37.797175,POINT (-122.442606 37.797175),7.027397260273973
2937,2395 LOMBARD STREET,0512041,-122.44074,37.799107,POINT (-122.44074 37.799107),4.049315068493151
3287,2528 UNION ST,0945012,-122.441677182,37.7965885336,POINT (-122.441677182 37.7965885336),3.191780821917808
2355,220 GOLDEN GATE AV,0345004,-122.414253,37.781955,POINT (-122.414253 37.781955),4.394520547945206
3283,350 GOLDEN GATE AV,0346005,-122.4165125,37.781546,POINT (-122.4165125 37.781546),1.4164383561643836
268,55 9TH ST,3701064,-122.415103,37.777097,POINT (-122.415103 37.777097),12.61917808219178
461,121 09TH ST,3728069,-122.41419,37.775958,POINT (-122.41419 37.775958),6.254794520547946
792,1340-1390 MISSION ST,3508053,-122.41525,37.77588,POINT (-122.41525 37.77588),5.947945205479452
1049,1321 MISSION STREET,3509043,-122.414746094,37.7758744117,POINT (-122.414746094 37.7758744117),3.506849315068493
1065,474 NATOMA STREET,3725101,-122.4072383,37.7805964,POINT (-122.4072383 37.7805964),6.575342465753424
1250,1155 MARKET ST,3702054,-122.413409,37.7792227726,POINT (-122.413409 37.7792227726),0.7506849315068493
1277,532 NATOMA ST,3726062,-122.40858221200001,37.7796857585,POINT (-122.408582212 37.7796857585),2.0657534246575344
1732,527 STEVENSON ST,3703012,-122.410168129,37.780998031100005,POINT (-122.410168129 37.7809980311),4.761643835616439
2262,55 05TH ST,3705039,-122.4071854,37.78346079999999,POINT (-122.4071854 37.78346079999999),0.5342465753424658
2330,537 NATOMA ST,3726047,-122.408324,37.779476,POINT (-122.408324 37.779476),7.33972602739726
2394,639 NATOMA ST,3727035,-122.410698,37.777587,POINT (-122.410698 37.777587),5.30958904109589
2645,140 09TH ST,3509005,-122.41425789799999,37.7754851363,POINT (-122.414257898 37.7754851363),4.3561643835616435
3046,1169 MARKET ST,3702051,-122.414016,37.779181,POINT (-122.414016 37.779181),6.219178082191781
3156,570 JESSIE ST,3703086,-122.410310274,37.780779276,POINT (-122.410310274 37.780779276),11.167123287671233
3315,1415 MISSION ST,3510001,-122.415919822,37.7749076317,POINT (-122.415919822 37.7749076317),8.665753424657535
3458,973 MARKET ST,3704069,-122.40935,37.782424,POINT (-122.40935 37.782424),9.624657534246575
266,3119 HARRISON ST,5504001H,-122.411127487,37.7478369456,POINT (-122.411127487 37.7478369456),8.975342465753425
379,83 BANKS ST,5628046,-122.41252649999998,37.7420184,POINT (-122.4125265 37.7420184),1.6849315068493151
474,133 ELSIE ST,5619057,-122.417814,37.742368,POINT (-122.417814 37.742368),8.591780821917808
707,219 PRENTISS ST,5654021,-122.411909,37.740079,POINT (-122.411909 37.740079),2.5561643835616437
816,317 CORTLAND AV,5667015,-122.418368,37.739369,POINT (-122.418368 37.739369),4.720547945205479
981,3645 FOLSOM ST,5652021,-122.413075,37.740919,POINT (-122.413075 37.740919),4.276712328767124
2245,3407 FOLSOM ST,5549041,-122.413095,37.743989,POINT (-122.413095 37.743989),12.235616438356164
2315,52 PRENTISS ST,5628016,-122.411992,37.741834,POINT (-122.411992 37.741834),4.528767123287671
2328,407 PRECITA AV,5504001I,-122.411053,37.747521,POINT (-122.411053 37.747521),1.736986301369863
3202,3303 FOLSOM ST,5524044,-122.413018417,37.7449714559,POINT (-122.413018417 37.7449714559),1.5835616438356164
992,78 NEY ST,5892032,-122.428701409,37.7298182649,POINT (-122.428701409 37.7298182649),0.8383561643835616
1623,239 MAYNARD ST,5890010,-122.425136695,37.7296642748,POINT (-122.425136695 37.7296642748),0.863013698630137
1634,192 NEY ST,5891001,-122.426431,37.729986,POINT (-122.426431 37.729986),1.8602739726027397
1679,55 TRUMBULL ST,5868007,-122.428379,37.73077,POINT (-122.428379 37.73077),6.580821917808219
2581,1315 SILLIMAN ST,5938049,-122.418165,37.7276210028,POINT (-122.418165 37.72762100280001),0.947945205479452
117,78 PERALTA AV,5513011A,-122.406704,37.747707,POINT (-122.406704 37.747707),1.5616438356164384
544,195 BREWSTER ST,5577009,-122.40723194899999,37.743466710300005,POINT (-122.407231949 37.74346671030001),10.024657534246575
769,191 BREWSTER ST,5577011,-122.407175155,37.7436075782,POINT (-122.407175155 37.7436075782),10.024657534246575
911,56 PERALTA AV,5512029,-122.4063771,37.7478222,POINT (-122.4063771 37.7478222),4.501369863013698
1593,62 PERALTA AV,5512031,-122.4064492,37.747779,POINT (-122.4064492 37.747779),4.501369863013698
1831,88 MONTCALM ST,5529012,-122.406527633,37.746868016,POINT (-122.406527633 37.746868016),2.841095890410959
1839,3019 CESAR CHAVEZ ST,5505021,-122.410004,37.748207,POINT (-122.410004 37.748207),3.0164383561643837
1895,639 PERALTA AV,5634014,-122.408939,37.742418,POINT (-122.408939 37.742418),2.621917808219178
2665,193 BREWSTER ST,5577010,-122.40720319200001,37.743536906799996,POINT (-122.407203192 37.7435369068),10.024657534246575
3462,27 CARVER ST,5632016,-122.409933,37.74287800000001,POINT (-122.409933 37.74287800000001),3.4575342465753423
3518,347 MULLEN AV,5534038,-122.405771,37.746149,POINT (-122.405771 37.746149),2.0602739726027397
990,2198 MARKET ST,3542039,-122.4307685,37.7665267113,POINT (-122.4307685 37.7665267113),4.208219178082191
1145,519 DUBOCE AV,3538096,-122.4317257,37.7692782,POINT (-122.4317257 37.7692782),1.8164383561643835
2032,45 BELCHER ST,3537078,-122.4300735,37.7686275,POINT (-122.4300735 37.7686275),8.345205479452055
3095,2260 15TH ST,3540023,-122.434562,37.765912,POINT (-122.434562 37.76591200000001),3.643835616438356
491,188 MUSEUM WY,2620119,-122.439141678,37.7636540292,POINT (-122.439141678 37.7636540292),3.0054794520547947
797,455-457 BUENA VISTA EAST AV,2607270,-122.441393,37.766176,POINT (-122.441393 37.766176),2.6301369863013697
1526,4126 17TH ST,2623028,-122.437954318,37.7626118963,POINT (-122.437954318 37.7626118963),11.073972602739726
2837,71 BUENA VISTA TR,2609030,-122.438074,37.767833,POINT (-122.438074 37.767833),1.5726027397260274
132,2342 WASHINGTON ST,0604015,-122.4318417,37.7919152,POINT (-122.4318417 37.7919152),2.128767123287671
564,1266 09TH AV,1742043,-122.4662513,37.7646751,POINT (-122.4662513 37.7646751),5.558904109589041
2168,1315 07TH AV,1762004,-122.464303,37.763718,POINT (-122.464303 37.763718),4.780821917808219
59,690 PAGE ST,0843016,-122.432031854,37.7730643616,POINT (-122.432031854 37.7730643616),3.367123287671233
2187,1960-1998 MARKET ST,0872005,-122.425974,37.770026,POINT (-122.425974 37.77002600000001),6.6
2345,55 LAGUNA ST (AFF SENIOR HOUSING),0857002,-122.426146641,37.7716971219,POINT (-122.426146641 37.7716971219),12.419178082191781
2682,352 WALLER ST,0859013,-122.429516404,37.7715552907,POINT (-122.429516404 37.7715552907),0.6109589041095891
984,1200 19TH ST,4038009,-122.39459,37.76149,POINT (-122.39459 37.76149),7.482191780821918
1226,251 ARKANSAS ST,4004024,-122.398348,37.763095,POINT (-122.398348 37.763095),5.6219178082191785
1577,131 MISSOURI ST,3985024,-122.396412916,37.7646797618,POINT (-122.396412916 37.7646797618),3.786301369863014
1947,466 MISSOURI ST,4067009A,-122.396634,37.760425,POINT (-122.396634 37.760425),1.8575342465753424
2551,238 MISSOURI ST,4003006,-122.39691503,37.763366083499996,POINT (-122.39691503 37.7633660835),2.9972602739726026
61,3305 BRODERICK ST,0926008,-122.44503177600001,37.8009215974,POINT (-122.445031776 37.8009215974),2.4246575342465753
893,2135 BEACH ST,0919007D,-122.4442646,37.8036266,POINT (-122.4442646 37.8036266),1.5835616438356164
1445,2028 BEACH ST,0913011,-122.442439,37.803942,POINT (-122.442439 37.803942),0.9726027397260274
2194,2225 BAY ST,0927036,-122.44368163899999,37.8015453986,POINT (-122.443681639 37.8015453986),0.7945205479452054
652,1788 SILVER AV,5396001D,-122.402861056,37.7338047546,POINT (-122.402861056 37.7338047546),0.8465753424657534
1007,2 VESTA ST,5403001,-122.40036972799999,37.7312411613,POINT (-122.400369728 37.7312411613),1.2767123287671234
1115,1987 OAKDALE AV,5319028,-122.397734,37.7384878582,POINT (-122.397734 37.7384878582),0.8904109589041096
1266,2077 BANCROFT AV,5426030,-122.40191624799999,37.7304652069,POINT (-122.401916248 37.7304652069),1.63013698630137
1509,55 WATERVILLE ST,5379029,-122.402582,37.735288,POINT (-122.402582 37.735288),5.328767123287672
3362,2082 BANCROFT AV,5403035,-122.401626256,37.7309081435,POINT (-122.401626256 37.7309081435),1.273972602739726
3487,1947 OAKDALE AV,5319037,-122.39702986100001,37.7380891058,POINT (-122.397029861 37.7380891058),3.3013698630136985
554,71 CURTIS ST,6464037,-122.439396109,37.7136303124,POINT (-122.439396109 37.7136303124),0.5972602739726027
122,721 YORK ST,4079020,-122.40878700000002,37.760225,POINT (-122.408787 37.760225),9.205479452054794
211,769 TREAT AV,3612062,-122.413328,37.757916,POINT (-122.413328 37.757916),3.8794520547945206
568,2495 HARRISON ST,4084018,-122.412054828,37.7575693108,POINT (-122.412054828 37.7575693108),2.6164383561643834
879,748 TREAT AV,3612055,-122.413834836,37.7581089328,POINT (-122.413834836 37.7581089328),4.416438356164384
2139,2374 FOLSOM ST,3594009,-122.41508799999998,37.7593457298,POINT (-122.415088 37.7593457298),9.178082191780822
2649,858 FLORIDA ST,4085010,-122.410558,37.758067,POINT (-122.410558 37.758067),1.1863013698630136
2948,817 YORK ST,4088030,-122.40846299999998,37.758591,POINT (-122.408463 37.758591),1.0876712328767124
3051,857 ALABAMA ST,4085026,-122.411214,37.758192909099996,POINT (-122.411214 37.7581929091),5.257534246575342
765,721 BEACH ST,0025017,-122.420950211,37.8063175991,POINT (-122.420950211 37.8063175991),9.156164383561643
1347,1268-1270 LOMBARD ST,0500015,-122.4223918,37.8016306,POINT (-122.4223918 37.8016306),3.873972602739726
1527,1269 LOMBARD ST,0501023,-122.422287,37.801478,POINT (-122.422287 37.801478),4.063013698630137
1536,1016 LOMBARD ST,0068008,-122.41848799999998,37.802318,POINT (-122.418488 37.802318),2.813698630136986
1786,827 NORTH POINT ST,0026030,-122.420870283,37.805369032,POINT (-122.420870283 37.805369032),4.652054794520548
2090,963 NORTH POINT ST,0453013,-122.422962,37.80525,POINT (-122.422962 37.80525000000001),2.9726027397260273
3253,2603 HYDE STREET,0026006,-122.420256,37.804861,POINT (-122.420256 37.804861),3.819178082191781
386,270 OCEAN AV,3211010A,-122.442378086,37.7234742977,POINT (-122.442378086 37.7234742977),9.463013698630137
1567,60 NORTON ST,3148014A,-122.435859646,37.7252993496,POINT (-122.435859646 37.7252993496),1.167123287671233
1604,418 BOSWORTH ST,6747007,-122.430927,37.733381,POINT (-122.430927 37.733381),5.515068493150685
1981,10 ROUSSEAU ST,6747015,-122.430259,37.73332,POINT (-122.430259 37.73332),5.605479452054794
2900,248 OCEAN AV,3211009,-122.441951,37.723369,POINT (-122.441951 37.72336900000001),4.594520547945206
2989,418 BOSWORTH ST,6747006,-122.430927,37.733381,POINT (-122.430927 37.733381),5.515068493150685
3408,2 ROUSSEAU ST,6747002,-122.430259,37.73332,POINT (-122.430259 37.73332),5.605479452054794
1028,764 17TH AV,1659030,-122.475344,37.773671,POINT (-122.475344 37.773671),2.2383561643835614
1100,676 16TH AV,1629022,-122.474546,37.775406,POINT (-122.474546 37.775406),4.802739726027397
1819,500 19TH AV,1561038A,-122.477972995,37.7782602192,POINT (-122.477972995 37.7782602192),2.326027397260274
2867,557 15TH AV,1558013B,-122.473936,37.777596,POINT (-122.473936 37.777596),3.5013698630136987
1785,2914 FOLSOM ST,6525003,-122.414076,37.75055800000001,POINT (-122.414076 37.75055800000001),2.2164383561643834
2236,930 SHOTWELL ST,3641076,-122.415540895,37.7530323558,POINT (-122.415540895 37.7530323558),4.057534246575343
3432,3135 24TH ST,6520036,-122.414797,37.752336,POINT (-122.414797 37.752336),6.13972602739726
1621,173 MARSTON ST (AKA 324 HAVELOCK ST,3185023,-122.447303,37.726904,POINT (-122.447303 37.726904),3.873972602739726
2011,442 STAPLES AV,3139013,-122.451882669,37.7293127979,POINT (-122.451882669 37.7293127979),1.4438356164383561
2733,371 STAPLES AV,3158033,-122.450463481,37.7288325477,POINT (-122.450463481 37.7288325477),1.2383561643835617
2750,2 FLOOD AV,6774012,-122.440655588,37.7301700011,POINT (-122.440655588 37.7301700011),2.032876712328767
273,270 BRIGHTON AV,6944044,-122.454882,37.722917,POINT (-122.454882 37.722917),1.0876712328767124
1613,259 BRIGHTON AV,6943007,-122.455274,37.722908,POINT (-122.455274 37.722908),2.4602739726027396
2212,539 FAXON AV,6934002,-122.460415,37.724102,POINT (-122.460415 37.72410200000001),2.863013698630137
3112,1325 OCEAN AV,6942054,-122.45665818200001,37.723696026199995,POINT (-122.456658182 37.7236960262),3.4794520547945207
3124,270 GRANADA AV,6942046,-122.456986,37.723345,POINT (-122.456986 37.723345),5.695890410958904
98,188 BROAD ST,7107023,-122.45862306299999,37.713424455,POINT (-122.458623063 37.713424455),4.668493150684932
225,283 BROAD ST,7114035,-122.461749,37.713033,POINT (-122.461749 37.713033),4.558904109589041
748,156 BROAD ST,7107019,-122.457724,37.71332,POINT (-122.457724 37.71332),8.819178082191781
750,202 BROAD ST,7106059,-122.45928750200001,37.7133764123,POINT (-122.459287502 37.7133764123),7.4520547945205475
1120,77 FARALLONES STREET,7108033,-122.454972,37.713971,POINT (-122.454972 37.713971),5.375342465753425
1431,242 SAGAMORE ST,7137016,-122.460548,37.711487,POINT (-122.460548 37.711487),1.7616438356164383
1606,290 FARALLONES ST,7105015,-122.46243,37.714286,POINT (-122.46243 37.714286),0.6082191780821918
1746,2569 SAN JOSE AV,7046025,-122.449077,37.71758300000001,POINT (-122.449077 37.71758300000001),4.641095890410959
2124,107 LOBOS ST,7104049,-122.456568,37.714764,POINT (-122.456568 37.714764),5.920547945205479
2493,270 CAPITOL AV,7113022,-122.45878885299999,37.7128921263,POINT (-122.458788853 37.7128921263),3.580821917808219
3189,ONE CAPITOL AV,7148040,-122.460240129,37.710931001300004,POINT (-122.460240129 37.7109310013),7.638356164383562
3338,636 PLYMOUTH AV,7067014,-122.455974,37.716097,POINT (-122.455974 37.716097),5.608219178082192
101,722 DIAMOND ST,2830004,-122.4365238,37.7515157,POINT (-122.4365238 37.7515157),1.7835616438356163
2043,690 DOUGLASS ST,2802008,-122.438808,37.752812,POINT (-122.438808 37.752812),1.9561643835616438
2052,4141 23RD ST,2804041,-122.435100016,37.75259689,POINT (-122.435100016 37.75259689),4.046575342465753
2395,680 DOUGLASS ST,2802006,-122.438935,37.752942,POINT (-122.438935 37.752942),1.7753424657534247
2630,658 ELIZABETH ST,2804017,-122.435519589,37.752257569899996,POINT (-122.435519589 37.7522575699),0.7890410958904109
3314,580 DIAMOND ST,2772016,-122.43683,37.753093,POINT (-122.43683 37.753093),1.673972602739726
3415,4376 24TH ST,2829010,-122.440146125,37.7511704114,POINT (-122.440146125 37.7511704114),4.208219178082191
102,961 CHURCH ST,3619039,-122.427561,37.755463,POINT (-122.427561 37.755463),1.1095890410958904
1203,4024 24TH ST,3656010,-122.432526937,37.7516329682,POINT (-122.432526937 37.7516329682),2.8684931506849316
2128,3820 24TH STREET,3651017,-122.427987934,37.7519065494,POINT (-122.427987934 37.7519065494),3.202739726027397
2326,485 ELIZABETH ST,3654024,-122.431434,37.752129,POINT (-122.431434 37.752129),3.3013698630136985
2840,3773 22ND ST,3626026,-122.431446,37.754533,POINT (-122.431446 37.754533),0.8684931506849315
3015,1155 CHURCH ST,3650028,-122.42709,37.752355,POINT (-122.42709 37.752355),1.158904109589041
3501,895 NOE ST,3621030,-122.431871,37.7549105401,POINT (-122.431871 37.7549105401),1.2136986301369863
104,35 - 41 LAFAYETTE ST,3511066,-122.417172695,37.7731983993,POINT (-122.417172695 37.7731983993),3.9205479452054797
686,230 11TH ST,3516005,-122.415292,37.772532,POINT (-122.415292 37.772532),2.0547945205479454
1012,64 14TH ST,3529017,-122.414942,37.768706,POINT (-122.414942 37.768706),0.536986301369863
1497,2401 16TH ST,3965001,-122.410614,37.765523,POINT (-122.410614 37.765523),5.728767123287671
105,2538 03RD ST,4172006,-122.38856341299999,37.7573913578,POINT (-122.388563413 37.7573913578),3.5123287671232877
279,616 20TH ST,4058008,-122.387975,37.760768,POINT (-122.387975 37.760768),3.8547945205479452
572,1011 TENNESSEE ST,4108003G,-122.389193,37.759041,POINT (-122.389193 37.759041),4.016438356164383
918,1179 TENNESSEE ST,4172053,-122.3890583,37.7559927,POINT (-122.3890583 37.7559927),15.898630136986302
3107,2235 03RD ST,4058010,-122.38837,37.761297,POINT (-122.38837 37.761297),9.778082191780822
3360,2198 03RD ST,4044030,-122.388916,37.761902,POINT (-122.388916 37.761902),10.169863013698631
3384,740 ILLINOIS ST AND 2121 THIRD ST,4045002,-122.388248,37.762685,POINT (-122.388248 37.762685),4.383561643835616
1127,1560 SHRADER ST,1294027,-122.450208,37.760534,POINT (-122.450208 37.760534),2.7150684931506848
109,154 MIRALOMA DR,3011047,-122.461397,37.736899,POINT (-122.461397 37.736899),3.1561643835616437
502,422 VICENTE ST,2416002H,-122.4715868,37.7397410519,POINT (-122.4715868 37.7397410519),10.30958904109589
1040,1325 PORTOLA DR,2987A036,-122.46462499399999,37.7396378536,POINT (-122.464624994 37.7396378536),9.326027397260274
2040,155 TERRACE DR,3076050,-122.46401000000002,37.736702,POINT (-122.46401 37.736702),3.5616438356164384
2699,631 TARAVAL ST,2409039,-122.472847,37.743042,POINT (-122.472847 37.743042),4.257534246575342
3517,2446 19TH AV,2407021,-122.475259004,37.7421679102,POINT (-122.475259004 37.74216791020001),1.0465753424657533
114,1816 EDDY ST,1127007,-122.437677,37.780881,POINT (-122.437677 37.780881),4.764383561643836
1071,2139 OFARRELL,1101022,-122.439971,37.782219,POINT (-122.439971 37.782219),2.9232876712328766
1284,1301 DIVISADERO ST,1101007,-122.4391859,37.78152160000001,POINT (-122.4391859 37.78152160000001),4.93972602739726
1505,1816 EDDY ST,1127064,-122.43726,37.780796,POINT (-122.43726 37.780796),1.180821917808219
1556,1022 PIERCE ST,0754012,-122.43502311399999,37.7795985794,POINT (-122.435023114 37.7795985794),2.5287671232876714
2583,1470 MCALLISTER ST,0776035,-122.436398168,37.7782758913,POINT (-122.436398168 37.7782758913),3.627397260273973
3304,1594 GOLDEN GATE AV,0753010,-122.436768343,37.779212611999995,POINT (-122.436768343 37.77921261199999),1.6027397260273972
3419,1844 TURK ST,1129011A,-122.43958899999998,37.779832,POINT (-122.439589 37.779832),2.1890410958904107
116,3968 26TH ST,6552017,-122.428567,37.748549,POINT (-122.428567 37.748549),1.441095890410959
986,325 CLIPPER ST,6554037,-122.432262666,37.7487468184,POINT (-122.432262666 37.7487468184),2.0
1802,1248 SANCHEZ ST,6548006,-122.4294561,37.7492294,POINT (-122.4294561 37.7492294),1.5205479452054795
1830,168 CLIPPER ST,6549021,-122.42890841100001,37.7494386905,POINT (-122.428908411 37.7494386905),7.284931506849315
2321,3947 26TH ST,6565039,-122.428159,37.748304,POINT (-122.428159 37.748304),2.4602739726027396
2364,3977 25TH ST,6549031,-122.428939,37.749752,POINT (-122.428939 37.74975200000001),2.408219178082192
3025,1267 NOE ST,6553024,-122.43132742700001,37.7487370875,POINT (-122.431327427 37.7487370875),2.0931506849315067
120,590 35TH AV,1510025,-122.495041,37.777906,POINT (-122.495041 37.777906),3.6767123287671235
2076,7327 GEARY BL,1507038,-122.498104,37.779174,POINT (-122.498104 37.779174),2.9863013698630136
2417,4324 ANZA ST,1510022,-122.494749859,37.7779515894,POINT (-122.494749859 37.7779515894),4.975342465753425
2485,440 35TH AV,1466034,-122.495349,37.780705,POINT (-122.495349 37.780705),4.586301369863014
2523,546 34TH AV,1511034,-122.49398192700001,37.7787104203,POINT (-122.493981927 37.7787104203),3.789041095890411
248,500 CAPP ST,3610032,-122.418185864,37.7585623509,POINT (-122.418185864 37.7585623509),6.134246575342465
357,2558 MISSION ST,3616007,-122.418986,37.75611,POINT (-122.418986 37.75611),8.783561643835617
501,3249 17TH ST,3575063,-122.418264403,37.7632790476,POINT (-122.418264403 37.7632790476),10.802739726027397
717,35 LEXINGTON ST,3576039,-122.420650154,37.7621855356,POINT (-122.420650154 37.7621855356),4.876712328767123
725,899 VALENCIA ST,3596113,-122.421269,37.7585073,POINT (-122.421269 37.7585073),9.397260273972602
976,277 SAN CARLOS ST,3596017A,-122.419683,37.759042,POINT (-122.419683 37.759042),4.704109589041096
1247,39 SAN CARLOS ST,3576018,-122.41995747899999,37.7621585217,POINT (-122.419957479 37.7621585217),2.106849315068493
1609,600 SOUTH VAN NESS AV,3575070,-122.41761692899999,37.763318145700005,POINT (-122.417616929 37.7633181457),3.8986301369863012
2067,263 LEXINGTON ST,3596059,-122.420376,37.7591939,POINT (-122.420376 37.7591939),0.8438356164383561
3169,179 SAN CARLOS ST,3589023,-122.419809,37.760621,POINT (-122.419809 37.760621),8.008219178082191
127,5495 CALIFORNIA ST,1417031,-122.476281,37.784164,POINT (-122.476281 37.784164),3.83013698630137
1557,350 15TH AV,1446038,-122.473702247,37.781550945,POINT (-122.473702247 37.781550945),1.7561643835616438
2898,167 16TH AV,1376014,-122.475583,37.784984,POINT (-122.475583 37.784984),2.3424657534246576
3078,223 14TH AV,1419003,-122.47343,37.783909,POINT (-122.47343 37.783909),2.287671232876712
649,524 VIENNA ST,6090004,-122.431000294,37.7201407647,POINT (-122.431000294 37.7201407647),4.484931506849315
1752,599 NAPLES ST,6090015,-122.432116,37.719408,POINT (-122.432116 37.719408),0.7534246575342466
1793,395 ATHENS ST,6022014,-122.42805269899999,37.7216831937,POINT (-122.428052699 37.7216831937),11.526027397260274
3138,591 NAPLES ST,6090015A,-122.43201,37.719341,POINT (-122.43201 37.719341),1.3287671232876712
411,77 OAKWOOD ST,3587059,-122.424732,37.760369,POINT (-122.424732 37.760369),3.1835616438356165
1032,1050 VALENCIA ST,3617008,-122.42131765299999,37.755943991500004,POINT (-122.421317653 37.7559439915),9.04109589041096
1562,879 DOLORES ST,3618023,-122.425249,37.755413,POINT (-122.425249 37.755413),1.610958904109589
1901,3676 20TH ST,3597026,-122.422856,37.758537,POINT (-122.422856 37.758537),5.964383561643835
2465,3643 19TH ST,3598068,-122.42466361700001,37.759660149,POINT (-122.424663617 37.759660149),3.0383561643835617
2978,3352 21ST ST,3608018,-122.422279,37.756981,POINT (-122.422279 37.756981),3.591780821917808
3258,736 VALENCIA ST,3588005,-122.421665,37.761066,POINT (-122.421665 37.761066),4.394520547945206
139,663 24TH AV,1567008,-122.483598,37.777078,POINT (-122.483598 37.777078),1.7123287671232876
889,2038 BALBOA ST,1564023,-122.48099,37.776603,POINT (-122.48099 37.776603),1.610958904109589
1294,551 22ND AV,1565006A,-122.481639629,37.7773278535,POINT (-122.481639629 37.7773278535),5.0849315068493155
1492,633 27TH AV,1570003A,-122.486861,37.777377,POINT (-122.486861 37.777377),4.010958904109589
1953,2400 BALBOA ST,1568011D,-122.48456000000002,37.776369,POINT (-122.48456 37.776369),4.556164383561644
1955,641 27TH AV,1570003C,-122.487005,37.77724600000001,POINT (-122.487005 37.77724600000001),5.909589041095891
2576,571 21ST AV,1564013,-122.48054603,37.7771025622,POINT (-122.48054603 37.7771025622),4.7315068493150685
2751,3436 ANZA ST,1519022B,-122.485029,37.77828,POINT (-122.485029 37.77828),2.7041095890410958
2792,520 28TH AV,1517030,-122.487579,37.779428,POINT (-122.487579 37.77942800000001),7.556164383561644
3429,665 25TH AV,1568008B,-122.484666,37.777002,POINT (-122.484666 37.77700200000001),2.1315068493150684
3482,2418 BALBOA ST,1568012,-122.48492,37.776583,POINT (-122.48492 37.776583),1.2657534246575342
1129,851 CORBETT AV,2778013,-122.443289923,37.7530867323,POINT (-122.443289923 37.7530867323),3.0876712328767124
1877,135 YUKON ST,2716033,-122.442274,37.757357,POINT (-122.442274 37.757357),2.263013698630137
3275,950 CORBETT AV,2799013,-122.443730283,37.7518316205,POINT (-122.443730283 37.7518316205),13.983561643835616
142,2034 CLEMENT ST,1412019,-122.481284262,37.782524015599996,POINT (-122.481284262 37.7825240156),6.802739726027397
584,346 22ND AV,1453033,-122.481267588,37.7812831562,POINT (-122.481267588 37.7812831562),9.852054794520548
812,124 23RD AV,1382039,-122.48279,37.785296,POINT (-122.48279 37.785296),2.0164383561643837
3060,212 23RD AV,1411022,-122.48255993299999,37.783646448,POINT (-122.482559933 37.783646448),6.947945205479452
3524,354 20TH AV,1451032,-122.479279,37.781248,POINT (-122.479279 37.781248),1.3315068493150686
146,2332 TARAVAL ST,2362019,-122.49135239200001,37.7426087275,POINT (-122.491352392 37.7426087275),1.926027397260274
997,2219 31ST AV,2318005,-122.48910772100001,37.7457834975,POINT (-122.489107721 37.7457834975),1.5671232876712329
148,25 DOLORES ST,3534069,-122.426308,37.76856,POINT (-122.426308 37.76856),8.465753424657533
2561,439 GUERRERO ST,3568057,-122.423888,37.764119,POINT (-122.423888 37.764119),11.854794520547944
2620,85 BROSNAN ST,3533165,-122.423979455,37.768500748499996,POINT (-122.423979455 37.7685007485),8.4
3082,141 ALBION ST,3568068,-122.42247009277344,37.764137268066406,POINT (-122.4224700927734 37.76413726806641),5.863013698630137
3254,1731 15TH ST,3555056,-122.423076,37.766245,POINT (-122.423076 37.766245),2.758904109589041
3271,126 GUERRERO ST,3534005,-122.424613,37.769031,POINT (-122.424613 37.769031),3.808219178082192
150,5735 MISSION ST,6473040,-122.44898899999998,37.709939,POINT (-122.448989 37.70993900000001),4.441095890410959
2152,850 BRUNSWICK ST,6472007,-122.451291,37.708404,POINT (-122.451291 37.708404),1.3424657534246576
2584,1160 PRAGUE ST,6484024,-122.43908736700001,37.7102713563,POINT (-122.439087367 37.7102713563),0.7589041095890411
492,231 FRANKLIN ST,0816002,-122.421302,37.776664,POINT (-122.421302 37.776664),3.780821917808219
644,476 LINDEN ST,0818020,-122.42576719799999,37.776264419,POINT (-122.425767198 37.776264419),8.561643835616438
1178,365 FULTON STREET,0792028,-122.422738,37.778683,POINT (-122.422738 37.778683),2.9726027397260273
1635,543 GROVE ST,0807022,-122.425538,37.777251,POINT (-122.425538 37.777251),6.745205479452054
1829,401 GROVE STREET,0808036,-122.42356,37.777492,POINT (-122.42356 37.777492),6.364383561643836
2586,350 LINDEN ST,0817069,-122.423498,37.77642700000001,POINT (-122.423498 37.77642700000001),6.958904109589041
2703,428 GROVE ST,0793009,-122.42374777100001,37.7779325148,POINT (-122.423747771 37.7779325148),1.273972602739726
218,2881 MISSION ST,6517022,-122.417976256,37.750966915,POINT (-122.417976256 37.750966915),4.079452054794521
980,3400 CESAR CHAVEZ ST,6569004,-122.418272,37.748252,POINT (-122.418272 37.748252),2.16986301369863
2855,1491 VALENCIA ST,6530028,-122.420205,37.749198,POINT (-122.420205 37.749198),2.5013698630136987
3139,3418 26TH ST,6529012,-122.418875,37.749099,POINT (-122.418875 37.749099),7.035616438356165
161,1221 14TH AV,1736061,-122.47210972,37.765235805100005,POINT (-122.47210972 37.7652358051),1.3863013698630138
3005,1621 IRVING ST,1772013,-122.475248,37.763512,POINT (-122.475248 37.763512),3.6191780821917807
1337,853 LOMBARD ST,0073018B,-122.41551727299999,37.802227504899996,POINT (-122.415517273 37.8022275049),0.852054794520548
2449,200 PUTNAM ST,5730001,-122.411154,37.736812,POINT (-122.411154 37.736812),9.106849315068493
167,520 09TH ST,3526005,-122.408323328,37.7707814635,POINT (-122.408323328 37.7707814635),3.4712328767123286
3099,246 RITCH ST,3776092,-122.39578,37.780208,POINT (-122.39578 37.78020800000001),7.153424657534247
960,355 LAGUNA ST,0840001,-122.426019972,37.7743834379,POINT (-122.426019972 37.7743834379),1.8904109589041096
1321,1844 MARKET ST,0871016,-122.4246883,37.771461,POINT (-122.4246883 37.771461),8.33972602739726
1412,261 OCTAVIA ST,0839029,-122.424421,37.774554,POINT (-122.424421 37.774554),4.147945205479452
1661,335 OAK ST,0839025,-122.4248816,37.774634000000006,POINT (-122.4248816 37.77463400000001),5.005479452054795
1810,1600 MARKET ST,0854001,-122.4210613,37.77399120000001,POINT (-122.4210613 37.77399120000001),2.632876712328767
2173,1 FRANKLIN ST,0837003,-122.42111019299999,37.7744289168,POINT (-122.421110193 37.77442891680001),7.586301369863014
1914,322 ARLETA AV,6233005,-122.409439,37.714764,POINT (-122.409439 37.714764),5.005479452054795
2726,62 SCHWERIN ST,6255006,-122.410774269,37.7126301823,POINT (-122.410774269 37.7126301823),5.531506849315068
1355,162 LANDERS ST,3557024,-122.42793600000002,37.765163,POINT (-122.427936 37.765163),2.210958904109589
1806,2001 MARKET ST,3535001,-122.427111,37.76832,POINT (-122.427111 37.76832),5.402739726027397
2135,253 SANCHEZ ST,3558029,-122.430591,37.765113,POINT (-122.430591 37.765113),2.095890410958904
2848,2175 MARKET ST,3543011,-122.42991299999998,37.766286,POINT (-122.429913 37.766286),7.838356164383562
799,132 CLEMENT ST,1431022,-122.460545,37.783256,POINT (-122.460545 37.783256),1.5232876712328767
1398,266 05TH AV,1429029,-122.463236,37.783685,POINT (-122.463236 37.783685),4.419178082191781
1581,261 02ND AV,1431013,-122.460513,37.783819,POINT (-122.460513 37.783819),1.5424657534246575
2250,4201 CALIFORNIA ST,1364048,-122.4627537,37.785055,POINT (-122.4627537 37.785055),6.958904109589041
186,1245 DOLORES ST,6534024,-122.424732,37.749343,POINT (-122.424732 37.749343),13.243835616438357
1206,383 FAIR OAKS ST,6512016,-122.423587993,37.7506766356,POINT (-122.423587993 37.7506766356),2.3753424657534246
1538,3736 CESAR CHAVEZ ST,6567013,-122.423474,37.74809000000001,POINT (-122.423474 37.74809000000001),8.27945205479452
1835,137 FAIR OAKS ST,3632024,-122.4242097,37.7544727,POINT (-122.4242097 37.7544727),1.3287671232876712
2110,1070 GUERRERO ST,3632040,-122.423251,37.754078,POINT (-122.423251 37.754078),2.9945205479452053
2184,353 SAN JOSE AV,6531022,-122.421077326,37.7495347232,POINT (-122.421077326 37.7495347232),9.063013698630137
2746,1366 GUERRERO ST,6533013,-122.422793,37.749362,POINT (-122.422793 37.749362),1.4821917808219178
3137,3645 23RD ST,3647032,-122.423987,37.753417,POINT (-122.423987 37.753417),2.9726027397260273
545,2938 23RD ST,4149019,-122.41090476,37.7544855569,POINT (-122.41090476 37.7544855569),2.0164383561643837
1039,2652 HARRISON ST,3639002,-122.412477,37.755107,POINT (-122.412477 37.755107),7.726027397260274
1077,3081 22ND ST,3638088,-122.416133,37.75546,POINT (-122.416133 37.75546),2.419178082191781
1574,949 HAMPSHIRE ST,4142030,-122.407783,37.756946,POINT (-122.407783 37.756946),1.2410958904109588
1808,915 FLORIDA ST,4145029,-122.410183,37.7568569,POINT (-122.410183 37.7568569),2.956164383561644
2626,2986 22ND ST,3613018B,-122.413965,37.755902,POINT (-122.413965 37.755902),9.221917808219178
2662,3120 23RD ST,3638018,-122.414768,37.754244,POINT (-122.414768 37.754244),4.4301369863013695
2884,2830 22ND ST,4146019,-122.410977316,37.7561367271,POINT (-122.410977316 37.7561367271),3.750684931506849
3120,2660 HARRISON ST,3639004A,-122.412466,37.754858,POINT (-122.412466 37.754858),9.046575342465754
3240,2356 BRYANT ST,4145012,-122.409815595,37.7566452766,POINT (-122.409815595 37.7566452766),2.5945205479452054
3457,2857 22ND ST,4148001A,-122.411401,37.755804,POINT (-122.411401 37.755804),4.523287671232877
195,149 29TH ST,6634026,-122.423424883,37.7436509714,POINT (-122.423424883 37.7436509714),3.808219178082192
606,322 DUNCAN ST,6592016,-122.427951,37.746266,POINT (-122.427951 37.746266),2.526027397260274
755,389 27TH ST,6592034,-122.428712196,37.7465576511,POINT (-122.428712196 37.7465576511),9.575342465753424
850,322 28TH ST,6602010,-122.429689,37.74539,POINT (-122.429689 37.74539),2.063013698630137
925,239 VALLEY STREET,6619022,-122.42840679700001,37.7441519768,POINT (-122.428406797 37.7441519768),7.03013698630137
1869,440 29TH ST,6620014,-122.42988606,37.7437485149,POINT (-122.42988606 37.7437485149),8.58904109589041
2532,3769 CESAR CHAVEZ ST,6577046,-122.42396592200001,37.747638717600005,POINT (-122.423965922 37.74763871760001),1.7808219178082192
3033,1629 DOLORES ST,6634015,-122.424085,37.743403,POINT (-122.424085 37.743403),5.232876712328767
3195,230 DUNCAN ST,6593006,-122.425559623,37.7464244624,POINT (-122.425559623 37.7464244624),9.904109589041095
3394,1562 DOLORES ST,6618004,-122.42481,37.744282,POINT (-122.42481 37.744282),1.0575342465753426
227,139 RANDOLPH ST,7116043,-122.464165,37.714077,POINT (-122.464165 37.714077),2.734246575342466
2798,3501 ALEMANY BL,7135048,-122.463674,37.7112364407,POINT (-122.463674 37.7112364407),5.2
199,2923 HARRISON ST,4271034,-122.411393,37.7506569,POINT (-122.411393 37.7506569),2.5123287671232877
542,1376 FLORIDA ST,4272014,-122.409956,37.74999,POINT (-122.409956 37.74999),2.8657534246575342
2819,1340 ALABAMA ST,4271008,-122.41100541200001,37.7502255371,POINT (-122.411005412 37.7502255371),2.052054794520548
906,1656 POST ST,0686040,-122.42908004700001,37.7859040324,POINT (-122.429080047 37.7859040324),1.7726027397260273
839,668 23RD AV,1622025,-122.481901563,37.7751731983,POINT (-122.481901563 37.7751731983),2.136986301369863
932,1860 PAGE ST,1226013,-122.451408,37.770525,POINT (-122.451408 37.770525),4.6136986301369864
1804,413 SHRADER ST,1227003,-122.45246114700001,37.7707388121,POINT (-122.452461147 37.7707388121),2.706849315068493
2205,1625 OAK ST,1223003,-122.44592669,37.7714457289,POINT (-122.44592669 37.7714457289),1.3534246575342466
3466,1535 OAK ST,1222043,-122.44460001700001,37.7719278024,POINT (-122.444600017 37.7719278024),1.895890410958904
507,2829 CALIFORNIA ST,1028028,-122.44096,37.787871,POINT (-122.44096 37.787871),4.923287671232877
2537,2655 BUSH ST,1052024,-122.440769976,37.785821379699996,POINT (-122.440769976 37.7858213797),8.43013698630137
222,1326 FRANCISCO ST,0473008,-122.4270973,37.8030012,POINT (-122.4270973 37.8030012),2.265753424657534
2688,2842 FRANKLIN ST,0503015,-122.425978,37.800645,POINT (-122.425978 37.800645),8.243835616438357
347,1465 PINE ST,0668012,-122.419851,37.789579,POINT (-122.419851 37.789579),7.802739726027397
3489,1545 PINE ST,0667016,-122.421211229,37.7892721056,POINT (-122.421211229 37.7892721056),11.057534246575342
1228,2339 41ST AV,2370054,-122.499663157,37.7430332664,POINT (-122.499663157 37.7430332664),1.0465753424657533
2221,2050 43RD AV,2162031,-122.501531966,37.7484223378,POINT (-122.501531966 37.7484223378),1.1013698630136985
520,339 CRESCENT AV,5744016,-122.417905428,37.7351671178,POINT (-122.417905428 37.7351671178),2.5013698630136987
1061,137 PORTER ST,5826018,-122.418081,37.73385,POINT (-122.418081 37.73385),5.049315068493151
2595,790 ANDOVER ST,5825008,-122.417203052,37.7332602144,POINT (-122.417203052 37.7332602144),9.841095890410958
2347,1450 FRANKLIN ST,0671006,-122.423253075,37.7880562921,POINT (-122.423253075 37.7880562921),8.273972602739725
261,710 COLE ST,1252046,-122.45034,37.768262,POINT (-122.45034 37.768262),1.1342465753424658
1936,1427 SHRADER ST,1288005,-122.45086299999998,37.762055,POINT (-122.450863 37.762055),3.904109589041096
873,226 CABRILLO ST,1641026,-122.46126,37.775749,POINT (-122.46126 37.775749),3.041095890410959
877,327 BALBOA ST,1640051,-122.46238535,37.7770597282,POINT (-122.46238535 37.7770597282),4.676712328767123
1466,430 BALBOA ST,1548026,-122.463535,37.777503,POINT (-122.463535 37.777503),1.5452054794520549
1710,658 03RD AV,1642036,-122.460387,37.776291012399994,POINT (-122.460387 37.77629101239999),8.372602739726027
1990,2900 FULTON ST,1648017,-122.462821,37.773817,POINT (-122.462821 37.773817),7.104109589041096
1513,47 CLARENDON AV,2706048,-122.449829,37.75873,POINT (-122.449829 37.75873),2.4356164383561643
2929,1310 STANYAN ST,2706035,-122.451006674,37.758409222,POINT (-122.451006674 37.758409222),11.471232876712328
330,1756 REVERE AV,5338018,-122.39275331799999,37.7334393472,POINT (-122.392753318 37.7334393472),3.2164383561643834
885,1752 QUESADA AV,5327019,-122.392280646,37.7341161546,POINT (-122.392280646 37.7341161546),1.1369863013698631
1400,1786 MCKINNON AV,5297023,-122.392509,37.738023,POINT (-122.392509 37.738023),1.736986301369863
1405,1850 PALOU AV,5320024,-122.395818,37.736944,POINT (-122.395818 37.736944),4.605479452054794
1434,4800 03RD ST,5322045,-122.390887,37.734764,POINT (-122.390887 37.73476400000001),2.5534246575342467
1493,1502 INNES AV,5259002,-122.38709,37.738591,POINT (-122.38709 37.738591),4.602739726027397
2425,1646 MCKINNON AV,5296007,-122.390267,37.736569,POINT (-122.390267 37.736569),2.989041095890411
2530,1766 OAKDALE AV,5312018,-122.393282,37.736573,POINT (-122.393282 37.736573),5.120547945205479
2879,1665 PALOU AV,5327038,-122.392339544,37.734486902600004,POINT (-122.392339544 37.7344869026),10.224657534246575
1186,17 OTTAWA AV,7044A018,-122.444311952,37.7138227225,POINT (-122.444311952 37.7138227225),1.2328767123287672
1968,60 SANTA BARBARA AV,7173011,-122.465158535,37.7083664775,POINT (-122.465158535 37.7083664775),2.712328767123288
2863,16 ORIZABA AV,7155020,-122.46246,37.709713,POINT (-122.46246 37.709713),8.53972602739726
3303,49 NAGLEE AV,7098001,-122.446865116,37.711939710100005,POINT (-122.446865116 37.7119397101),1.1972602739726028
3504,5670 MISSION ST,7099009,-122.448632444,37.7104790943,POINT (-122.448632444 37.7104790943),2.684931506849315
272,262 UNIVERSITY ST,5972040,-122.414394395,37.72667371,POINT (-122.414394395 37.72667371),2.5315068493150683
541,525 OXFORD ST,6034022,-122.418077,37.723442,POINT (-122.418077 37.723442),0.9232876712328767
924,1118 BURROWS ST,5972042,-122.41531100000002,37.72633,POINT (-122.415311 37.72633),2.5561643835616437
1317,616 CAMBRIDGE ST,6034014,-122.4173185,37.7237398,POINT (-122.4173185 37.7237398),0.958904109589041
1647,622 CAMBRIDGE ST,6034015,-122.4172793,37.7236526,POINT (-122.4172793 37.7236526),1.3178082191780822
2138,1121 FELTON ST,5971029,-122.41584808299999,37.7268601141,POINT (-122.415848083 37.72686011410001),1.6931506849315068
274,425 FIRST STREET,3765015,-122.392035,37.786483,POINT (-122.392035 37.786483),11.72054794520548
620,72 TOWNSEND ST,3789003,-122.390352595,37.7813880891,POINT (-122.390352595 37.7813880891),8.676712328767124
668,166 TOWNSEND ST,3788012,-122.391989,37.779665,POINT (-122.391989 37.779665),3.786301369863014
1090,105 HARRISON ST,3766009,-122.391419,37.786948,POINT (-122.391419 37.786948),4.928767123287671
1636,19 TEHAMA ST,3736079,-122.395922,37.787584,POINT (-122.395922 37.787584),3.3643835616438356
2167,280 BEALE ST,3738004,-122.393608537,37.788705738800004,POINT (-122.393608537 37.7887057388),2.4986301369863013
2230,425 BRYANT ST,3775095,-122.394031,37.782572,POINT (-122.394031 37.782572),4.013698630136986
2351,333 FREMONT ST,3747019,-122.392902,37.787636,POINT (-122.392902 37.787636),8.654794520547945
2476,LUMINA (PLAZA C),3746001,-122.39151585,37.788413026,POINT (-122.39151585 37.788413026),13.983561643835616
2543,1 HAWTHORNE ST,3735047,-122.399264,37.78588,POINT (-122.399264 37.78588),4.93972602739726
2687,147 SOUTH PARK AV,3775031,-122.3943111,37.78108020000001,POINT (-122.3943111 37.78108020000001),3.9506849315068493
3021,45 LANSING ST,3749059,-122.39374874100001,37.7858734308,POINT (-122.393748741 37.7858734308),11.123287671232877
1094,555 POST ST,0306020,-122.410943,37.787682827,POINT (-122.410943 37.787682827),0.9452054794520548
1330,545 POST ST,0306022,-122.41070825899999,37.7877124996,POINT (-122.410708259 37.7877124996),0.7506849315068493
1304,4447 18TH ST,2692037,-122.438754,37.760523,POINT (-122.438754 37.760523),3.03013698630137
1335,4123 17TH ST,2649044,-122.437842,37.762252,POINT (-122.437842 37.762252),4.778082191780822
1504,590 CASTRO ST,2695016,-122.435048,37.759507,POINT (-122.435048 37.759507),4.802739726027397
1707,225 DOUGLASS ST,2692030,-122.439118,37.759961,POINT (-122.439118 37.759961),2.9287671232876713
2353,311 EUREKA ST,2750035,-122.437602,37.75712335,POINT (-122.437602 37.75712335),6.9150684931506845
304,870 HARRISON ST,3752019,-122.401244,37.77972800000001,POINT (-122.401244 37.77972800000001),8.221917808219178
1200,170 CLARA ST,3752054,-122.401752,37.780133,POINT (-122.401752 37.780133),2.073972602739726
2044,894 FOLSOM ST,3733028,-122.403252,37.78058,POINT (-122.403252 37.78058),3.5095890410958903
1363,2033 BUSH ST,0676026A,-122.430719,37.787231,POINT (-122.430719 37.787231),2.041095890410959
1545,2255-2257 PINE ST,0660027,-122.432878,37.787664,POINT (-122.432878 37.787664),5.317808219178082
3200,19 WILMOT ST,0660007,-122.432282,37.787514,POINT (-122.432282 37.787514),7.104109589041096
1045,2474 45TH AV,2381027A,-122.503124991,37.7404600102,POINT (-122.503124991 37.7404600102),0.9013698630136986
3179,2695 45TH AV,2451002D,-122.50345235399999,37.736362241100004,POINT (-122.503452354 37.7363622411),0.9013698630136986
817,414 VALLEJO ST,0133012,-122.404422,37.799307,POINT (-122.404422 37.799307),6.512328767123288
2086,1729 STOCKTON ST,0089007,-122.40958700000002,37.801662,POINT (-122.409587 37.801662),3.9013698630136986
859,1379 REVERE AV,4788017,-122.386192,37.729111,POINT (-122.386192 37.729111),1.0520547945205478
334,1555 23RD AV,1869011,-122.481403157,37.7585938445,POINT (-122.481403157 37.7585938445),1.884931506849315
680,1477 26TH AV,1827013A,-122.484723716,37.7599102176,POINT (-122.484723716 37.7599102176),1.610958904109589
2963,1354 27TH AV,1781033,-122.485298177,37.762163416199996,POINT (-122.485298177 37.7621634162),1.9452054794520548
612,2700 ARELIOUS WALKER DR,4884027,-122.38586709,37.7182830953,POINT (-122.38586709 37.7182830953),2.7095890410958905
1230,2838 JENNINGS ST,4912002,-122.393185768,37.7223463355,POINT (-122.393185768 37.7223463355),9.09041095890411
1725,2500 ARELIOUS WALKER DR,4884025,-122.38493438299999,37.719382641100005,POINT (-122.384934383 37.7193826411),1.6904109589041096
1847,2600 ARELIOUS WALKER DR,4884025,-122.38493438299999,37.719382641100005,POINT (-122.384934383 37.7193826411),2.7095890410958905
745,1531 44TH AV,1890005,-122.503938075,37.7580100223,POINT (-122.503938075 37.7580100223),1.3178082191780822
1204,1530 48TH AV,1893038,-122.50778,37.7578522,POINT (-122.50778 37.75785220000001),2.4712328767123286
3173,1625 48TH AV,1895006,-122.507944,37.756016,POINT (-122.507944 37.756016),4.435616438356164
809,850 BATTERY ST,0141008,-122.4011063,37.7994579,POINT (-122.4011063 37.7994579),2.841095890410959
550,1320 21ST AV,1775044,-122.478905,37.762998,POINT (-122.478905 37.762998),1.9232876712328768
2013,1269 19TH AV,1731014,-122.4774198,37.7642202,POINT (-122.4774198 37.7642202),1.704109589041096
3449,1259 21ST AV,1729012,-122.479647986,37.764217036,POINT (-122.479647986 37.764217036),3.6794520547945204
2170,693 SUTTER ST,0297009,-122.41164879799999,37.7886288224,POINT (-122.411648798 37.7886288224),6.024657534246575
2815,832 SUTTER ST,0281003,-122.414203854,37.7888008535,POINT (-122.414203854 37.7888008535),9.208219178082192
594,850 30TH AV,1672024,-122.489282,37.773244,POINT (-122.489282 37.773244),0.4301369863013699
683,727 29TH AV,1615003,-122.489031,37.775539,POINT (-122.489031 37.775539),4.465753424657534
1589,843 34TH AV,1677006,-122.494236,37.773155,POINT (-122.494236 37.773155),1.1232876712328768
2246,844 33RD AV,1675016,-122.492509253,37.7732342446,POINT (-122.492509253 37.7732342446),2.0383561643835617
1878,23 SPARTA ST,6176011,-122.403329904,37.717793841399995,POINT (-122.403329904 37.7177938414),11.994520547945205
2025,169 DELTA ST,6202046,-122.407462,37.717372,POINT (-122.407462 37.717372),6.534246575342466
2103,155 TUCKER AV,6202036,-122.407165085,37.7160433554,POINT (-122.407165085 37.7160433554),1.0575342465753426
3401,3920 SAN BRUNO AV,6205007,-122.401927,37.714575,POINT (-122.401927 37.714575),4.076712328767123
3126,1901 17TH AV,2117001,-122.474509811,37.7523053796,POINT (-122.474509811 37.7523053796),1.1342465753424658
2964,1209 FILBERT ST,0096001,-122.419494,37.799966,POINT (-122.419494 37.799966),3.8054794520547945
3226,1945 HYDE ST,0123002,-122.419267,37.798827,POINT (-122.419267 37.798827),4.564383561643836
407,100 VAN NESS AV,0814020,-122.41941909999998,37.7764279,POINT (-122.4194191 37.7764279),2.758904109589041
855,530 SANCHEZ ST,3584007,-122.430845,37.760599,POINT (-122.430845 37.760599),8.917808219178083
973,3975 19TH ST,3601089,-122.43195,37.759341,POINT (-122.43195 37.759341),4.756164383561644
1280,4001 20TH ST,3604001,-122.4306542,37.7579243,POINT (-122.4306542 37.7579243),2.4657534246575343
2226,466 SANCHEZ ST,3581012,-122.430789,37.761635,POINT (-122.430789 37.761635),4.438356164383562
2632,4035 18TH ST,3583082,-122.43356002899999,37.7607840656,POINT (-122.433560029 37.7607840656),7.254794520547946
3132,412 NOE ST,3582089,-122.433097,37.762368,POINT (-122.433097 37.762368),3.3232876712328765
430,605 KEARNY ST,0226007,-122.404824152,37.793709515799996,POINT (-122.404824152 37.7937095158),4.482191780821918
1553,2300 MASON ST,0041037,-122.41330517700001,37.8048789215,POINT (-122.413305177 37.8048789215),0.9232876712328767
704,1681 FULTON ST,1185026,-122.444381577,37.7758325579,POINT (-122.444381577 37.7758325579),1.917808219178082
985,560 CENTRAL AV,1198028,-122.44428,37.775002,POINT (-122.44428 37.775002),5.846575342465753
1027,536 CENTRAL AV,1198024,-122.444315,37.774538,POINT (-122.444315 37.774538),1.915068493150685
1787,1967 HAYES ST,1210031,-122.448754614,37.7733128308,POINT (-122.448754614 37.7733128308),1.9643835616438357
891,260 ARBOR ST,7554007,-122.437834,37.737642,POINT (-122.437834 37.737642),3.638356164383562
1409,74 GOLD MINE DR,7520034,-122.437614,37.743356,POINT (-122.437614 37.743356),3.186301369863014
2217,601 29TH ST,7537001,-122.43358402,37.743155097199995,POINT (-122.43358402 37.7431550972),1.989041095890411
2831,2335 DIAMOND ST,7551017,-122.4367393,37.7381349,POINT (-122.4367393 37.7381349),1.1616438356164382
3036,30 CONRAD ST,7552003,-122.436477,37.737845,POINT (-122.436477 37.737845),1.5890410958904109
454,35 LLOYD ST,1260035,-122.435672,37.769646,POINT (-122.435672 37.769646),4.260273972602739
1209,1140 PAGE ST,1219011,-122.439632,37.772183,POINT (-122.439632 37.772183),2.6931506849315068
1931,609 HAIGHT ST,0861034,-122.432396599,37.7716235232,POINT (-122.432396599 37.7716235232),1.0082191780821919
543,1864 08TH AV,2044003A,-122.464348,37.753618,POINT (-122.464348 37.753618),5.33972602739726
724,1740 09TH AV,2041031,-122.465568,37.755781,POINT (-122.465568 37.755781),11.7013698630137
1441,715 KIRKHAM ST,1857037,-122.468537,37.7599548603,POINT (-122.468537 37.7599548603),2.695890410958904
1597,1622 11TH AV,1933041,-122.467701,37.757884,POINT (-122.467701 37.757884),2.5424657534246577
1627,721 KIRKHAM ST,1857036,-122.468623,37.7599510685,POINT (-122.468623 37.7599510685),2.684931506849315
1680,1701 09TH AV,2040001,-122.466062,37.756382634699996,POINT (-122.466062 37.7563826347),7.104109589041096
1759,1769 11TH AV,2038A013,-122.46817430799999,37.7552366922,POINT (-122.468174308 37.7552366922),3.8219178082191783
1904,421 MORAGA ST,2039045,-122.467137,37.75638,POINT (-122.467137 37.75638000000001),3.073972602739726
2183,1596 09TH AV,1854016A,-122.465786,37.758367,POINT (-122.465786 37.758367),0.7506849315068493
2343,542 MORAGA ST,1932022,-122.468745,37.756668,POINT (-122.468745 37.756668),1.0356164383561643
2471,1758 12TH AV,2038A019,-122.468599,37.7553555415,POINT (-122.468599 37.7553555415),2.8438356164383563
2474,1671 11TH AV,1932012,-122.468152,37.757083,POINT (-122.468152 37.757083),7.232876712328767
3098,1560 09TH AV,1854012A,-122.465823,37.759214,POINT (-122.465823 37.759214),5.761643835616439
3446,1515 12TH AV,1858004,-122.46941499999998,37.759742,POINT (-122.469415 37.759742),4.104109589041096
3507,1762 12TH AV,2038A018,-122.468593964,37.7552869869,POINT (-122.468593964 37.7552869869),3.4684931506849317
935,7 SEYMOUR ST,1154023,-122.43805765200001,37.7793331884,POINT (-122.438057652 37.7793331884),8.038356164383561
1694,1823 TURK ST (CHURCH),1153020,-122.43938144,37.7792856504,POINT (-122.43938144 37.7792856504),2.723287671232877
2670,850 BRODERICK ST,1156023,-122.439952,37.778068,POINT (-122.439952 37.778068),3.0356164383561643
3131,1631 MCALLISTER ST,1179024A,-122.43907871799999,37.7774168533,POINT (-122.439078718 37.7774168533),2.6575342465753424
3144,1870 GOLDEN GATE AV,1152017,-122.441443,37.77859,POINT (-122.441443 37.77859),6.33972602739726
2825,5000 MISSION ST,6968008,-122.439782131,37.7185445002,POINT (-122.439782131 37.7185445002),3.915068493150685
3453,4964 MISSION ST,6968002,-122.4393013,37.7187863,POINT (-122.4393013 37.7187863),2.4493150684931506
1599,2 QUINTARA ST,2129002B,-122.465958,37.749105,POINT (-122.465958 37.749105),5.487671232876712
2143,160 SAN MARCOS AV,2861011,-122.46511538899999,37.7470932081,POINT (-122.465115389 37.7470932081),8.175342465753424
2153,11 CASTENADA AV,2819036,-122.461955,37.750871,POINT (-122.461955 37.750871),8.435616438356165
3092,273 MAGELLAN AV,2864029A,-122.460992,37.746607,POINT (-122.460992 37.746607),1.7452054794520548
1654,1310 GENEVA AV,6415022,-122.434409,37.713102,POINT (-122.434409 37.713102),1.9917808219178081
1959,63 WEST POINT RD,4624004,-122.3808161,37.7367345,POINT (-122.3808161 37.7367345),4.03013698630137
1213,101 LELAND AV,6250036,-122.405830535,37.7117660645,POINT (-122.405830535 37.7117660645),9.36986301369863
608,3210 JACKSON ST,0973031,-122.4479479,37.7907811,POINT (-122.4479479 37.7907811),3.0027397260273974
1890,3378 SACRAMENTO ST,1008047,-122.44841228700001,37.7881354278,POINT (-122.448412287 37.7881354278),0.6931506849315069
1920,3732 SACRAMENTO ST,1012012,-122.454281,37.787531,POINT (-122.454281 37.78753100000001),0.8931506849315068
3313,3310 CLAY ST,0997004,-122.4473823,37.7890569,POINT (-122.4473823 37.7890569),3.663013698630137
640,35 LA GRANDE AV,5963042,-122.423735,37.7246538358,POINT (-122.423735 37.7246538358),3.7013698630136984
913,5 NAPLES ST,5948026B,-122.425196,37.7283480507,POINT (-122.425196 37.7283480507),2.1013698630136988
3079,3 NAPLES ST,5948026A,-122.425151,37.7284069324,POINT (-122.425151 37.7284069324),2.1013698630136988
1496,567 VALLEJO ST,0145035,-122.406682,37.798768,POINT (-122.406682 37.798768),6.846575342465753
1128,931 SILVER AV,5864009,-122.41686715,37.7290311585,POINT (-122.41686715 37.7290311585),1.1178082191780823
2096,1208 SILVER AV,5918031,-122.412034,37.730233,POINT (-122.412034 37.730233),1.5917808219178082
2525,413 BOWDOIN ST,5918030,-122.412106,37.730141,POINT (-122.412106 37.730141),1.5917808219178082
2786,2350 SAN BRUNO AV,5880023,-122.406206581,37.7331226265,POINT (-122.406206581 37.7331226265),9.347945205479451
3461,230 SWEENY ST,5859040,-122.410121,37.7324923506,POINT (-122.410121 37.7324923506),7.024657534246575
3485,194 SWEENY ST,5858024,-122.409353347,37.7327266289,POINT (-122.409353347 37.7327266289),7.6657534246575345
2451,480 POTRERO AV,3973002C,-122.407671365,37.763477661399996,POINT (-122.407671365 37.7634776614),14.287671232876713
1252,2809 SAN BRUNO AV,5457030,-122.40287,37.726276,POINT (-122.40287 37.726276),6.3780821917808215
2656,414 SOMERSET ST,6044003,-122.407648869,37.7262519281,POINT (-122.407648869 37.7262519281),0.4876712328767123
2674,129-137 GIRARD ST,5925025,-122.405759,37.730628,POINT (-122.405759 37.730628),1.3616438356164384
2945,129 GIRARD ST,5925026,-122.405759,37.730628,POINT (-122.405759 37.730628),3.893150684931507
3227,165 BRUSSELS ST,5926022,-122.406744,37.729812,POINT (-122.406744 37.729812),6.463013698630137
671,690 MARKET ST,0311016,-122.403232214,37.7882479768,POINT (-122.403232214 37.7882479768),2.0383561643835617
735,38 FLORA ST,5355010,-122.394453,37.732057,POINT (-122.394453 37.732057),4.635616438356164
1076,1719 PALOU AV,5328053,-122.393364,37.735068,POINT (-122.393364 37.735068),1.1315068493150684
1642,56 LUCY ST,5410008,-122.393718479,37.7300619959,POINT (-122.393718479 37.7300619959),3.361643835616438
3324,157 APOLLO ST,5405023,-122.398665,37.730762,POINT (-122.398665 37.730762),5.728767123287671
827,606 BRODERICK ST,1182012,-122.43967,37.7758522,POINT (-122.43967 37.7758522),2.0082191780821916
1495,1370 35TH AV,1789022,-122.493853,37.761547,POINT (-122.493853 37.761547),1.2657534246575342
730,420 29TH AV,1460040,-122.488937,37.781324,POINT (-122.488937 37.781324),4.6876712328767125
785,470 33RD AV,1464013B,-122.493024,37.780327,POINT (-122.493024 37.780327),1.180821917808219
1137,427 31ST AV,1463005,-122.491594,37.781147,POINT (-122.491594 37.781147),2.5424657534246577
1584,431 26TH AV,1458005,-122.48606399999998,37.781312,POINT (-122.486064 37.781312),6.517808219178082
1903,420 29TH AV,1460015,-122.488937,37.781324,POINT (-122.488937 37.781324),2.032876712328767
1909,322 29TH AV,1405045,-122.488926834,37.7832193784,POINT (-122.488926834 37.7832193784),5.531506849315068
2755,279 26TH AV,1386015,-122.48644286,37.7842361111,POINT (-122.48644286 37.78423611110001),9.402739726027397
3397,446 33RD AV,1464014,-122.493053546,37.7807382714,POINT (-122.493053546 37.7807382714),6.109589041095891
757,40 EDGEHILL WY,2923008,-122.45985,37.743389,POINT (-122.45985 37.743389),4.454794520547945
2652,56 ROCKWOOD CT,2936A026,-122.457536,37.7431467256,POINT (-122.457536 37.7431467256),0.9205479452054794
777,1248 LEAVENWORTH ST,0220027,-122.41584,37.792587,POINT (-122.41584 37.792587),4.1726027397260275
3175,34 PLEASANT ST,0221020,-122.4133674,37.7929769,POINT (-122.4133674 37.7929769),4.405479452054794
2240,112 12TH AV,1371039,-122.47074960399999,37.7859109754,POINT (-122.470749604 37.7859109754),10.158904109589042
2756,152 07TH AV,1366032,-122.465531,37.785706,POINT (-122.465531 37.785706),3.4054794520547946
3288,371 06TH AV,1438015,-122.464502,37.7817,POINT (-122.464502 37.7817),2.175342465753425
1841,2000 MCALLISTER ST,1160005,-122.445171,37.777034,POINT (-122.445171 37.777034),4.841095890410959
2331,809 LYON ST,1150007,-122.4435763,37.7784642,POINT (-122.4435763 37.7784642),1.7945205479452055
2910,758 SPRUCE ST,1088022,-122.452699,37.780951,POINT (-122.452699 37.780951),2.1890410958904107
3417,1927 GOLDEN GATE AV,1158037,-122.442366,37.778024,POINT (-122.442366 37.778024),1.0082191780821919
901,1265 BAY ST,0473015A,-122.4278949,37.8038411,POINT (-122.4278949 37.8038411),1.6904109589041096
902,322 COLERIDGE ST,5673003,-122.421343866,37.7415816217,POINT (-122.421343866 37.7415816217),1.8246575342465754
2960,10 LUNDYS LN,5610029A,-122.41794602700001,37.745635452600006,POINT (-122.417946027 37.74563545260001),4.50958904109589
2994,28 PRECITA AV,5518023,-122.418489,37.746472,POINT (-122.418489 37.746472),0.5342465753424658
3070,166 WINFIELD ST,5617014,-122.41873098200001,37.742606924,POINT (-122.418730982 37.742606924),4.717808219178083
3228,116 VIRGINIA AV,5643035,-122.419893705,37.7422756125,POINT (-122.419893705 37.7422756125),0.7561643835616438
944,1036 POLK ST,0693015,-122.419639608,37.7866015628,POINT (-122.419639608 37.7866015628),1.884931506849315
3320,3043 CLAY ST,1005025,-122.443182,37.789433,POINT (-122.443182 37.789433),4.997260273972603
1116,700 BROTHERHOOD WY,7332005,-122.4802656,37.7146102,POINT (-122.4802656 37.7146102),2.0547945205479454
1361,800 BROTHERHOOD WAY (UNDER CONSTRUCTION),7331005,-122.475835982,37.7152862728,POINT (-122.475835982 37.7152862728),13.394520547945206
3166,800 BROTHERHOOD,7331005,-122.475835983,37.7152862737,POINT (-122.475835983 37.71528627370001),12.452054794520548
2673,701 GOLDEN GATE AV,0768013,-122.422252,37.780686,POINT (-122.422252 37.780686),6.197260273972603
1030,2342 21ST AV,2349031,-122.477737,37.743987,POINT (-122.477737 37.743987),3.723287671232877
2290,860 VALLEJO ST,0129013A,-122.411435,37.798385,POINT (-122.411435 37.798385),6.887671232876713
3512,778 VALLEJO ST,0130020,-122.410102329,37.7986075252,POINT (-122.410102329 37.7986075252),2.1561643835616437
1358,1345 TURK ST,0756001,-122.431217,37.780465,POINT (-122.431217 37.780465),3.9424657534246577
1336,1150 OCEAN AV,3180003,-122.454585,37.723727,POINT (-122.454585 37.723727),5.441095890410959
2663,50 PHELAN AV,3180001,-122.4529158,37.7247045,POINT (-122.4529158 37.7247045),4.8
1265,1650 BROADWAY *,0570011,-122.424471,37.7959125169,POINT (-122.424471 37.7959125169),4.076712328767123
2131,1840 WASHINGTON ST,0599008,-122.423601,37.793108,POINT (-122.423601 37.793108),7.605479452054794
1267,130 TURK ST,0339006,-122.411457163,37.7834131326,POINT (-122.411457163 37.7834131326),10.764383561643836
1302,126 27TH AV,1332049,-122.487055,37.7869389,POINT (-122.487055 37.7869389),2.3835616438356166
2165,107 24TH AV,1334040,-122.484428508,37.7872788648,POINT (-122.484428508 37.7872788648),8.728767123287671
1656,641 LISBON ST,6343026A,-122.436323,37.718153,POINT (-122.436323 37.718153),2.893150684931507
2500,626 PARIS ST,6345007,-122.437309,37.718855,POINT (-122.437309 37.718855),6.901369863013699
2729,4847 MISSION ST,6272018,-122.43747423299999,37.720705243699996,POINT (-122.437474233 37.7207052437),7.978082191780822
3428,717 PARIS ST,6349021,-122.437801596,37.7174387827,POINT (-122.437801596 37.7174387827),5.32054794520548
1704,701 CONGO ST,6706043,-122.4419165,37.7354282,POINT (-122.4419165 37.7354282),2.106849315068493
1870,1265 BOSWORTH ST,6706053,-122.442027,37.735694,POINT (-122.442027 37.735694),0.8054794520547945
2438,207 LOS PALMOS DR,3027A001,-122.4490906,37.7358847,POINT (-122.4490906 37.7358847),6.156164383561644
2706,729 CONGO ST,6706027,-122.441672,37.73563,POINT (-122.441672 37.73563),3.219178082191781
1716,472 ELLIS ST,0323015,-122.413931,37.784875,POINT (-122.413931 37.784875),5.0
1951,1447 OAKDALE AV,5324020,-122.387682231,37.732793559499996,POINT (-122.387682231 37.7327935595),1.0246575342465754
1983,HUDSON AVE AND WHITNEY YOUNG CIR,4711118,-122.38136000000002,37.73284,POINT (-122.38136 37.73284),3.0712328767123287
3351,1411 HUDSON AV,5258027,-122.384928038,37.737845268,POINT (-122.384928038 37.737845268),1.6465753424657534
3410,1415 HUDSON AV,5258026,-122.385012469,37.7378931444,POINT (-122.385012469 37.7378931444),1.6465753424657534
2007,29 SAN ANDREAS WY,3077009,-122.463641,37.734017,POINT (-122.463641 37.734017),9.75068493150685
2310,3209 SAN BRUNO AV,5473015,-122.400817,37.721284,POINT (-122.400817 37.721284),9.23013698630137
2507,853 GOETTINGEN ST,6154012,-122.404141,37.72147,POINT (-122.404141 37.72147),6.7835616438356166
3395,515 JOHN MUIR DR,7282005,-122.493222,37.71491,POINT (-122.493222 37.71491),1.3972602739726028
3480,700 BROTHERHOOD WY,7332003,-122.472583,37.712632,POINT (-122.472583 37.712632),1.1369863013698631
